text,label
"This is an original human-written article.","human"
"This article was created by ChatGPT.","ai"
"The sun sets in the west, casting a golden hue over the horizon.","human"
"In a world of AI-driven technology, automation is reshaping industries.","ai"
"Shakespeareâ€™s plays have influenced literature for centuries.","human"
"The latest AI models can generate human-like text with remarkable accuracy.","ai"
"Cooking pasta requires boiling water and adding salt for flavor.","human"
"AI-generated text often lacks deep emotional context.","ai"
"She walked through the park, enjoying the crisp autumn air.","human"
"The machine learning model was trained on billions of parameters.","ai"
"Reading books helps develop critical thinking and imagination.","human"
"The neural network processed the input data and produced an output.","ai"
"History teaches us valuable lessons about past civilizations.","human"
"AI models predict weather patterns using historical data.","ai"
"Children learn language by listening and mimicking adults.","human"
"An AI chatbot can assist users in customer service inquiries.","ai"
"The Mona Lisa is one of the most famous paintings in history.","human"
"Artificial intelligence is revolutionizing the healthcare industry.","ai"
"Music has the power to evoke emotions and memories.","human"
"Deep learning techniques improve AI-generated speech recognition.","ai"
"Traveling to new places broadens our perspectives and experiences.","human"
"Machine learning algorithms can detect patterns in large datasets.","ai"
"Exercise is essential for maintaining physical health and well-being.","human"
"AI systems can process vast amounts of data in a short time.","ai"
"Learning a new skill challenges the brain and enhances cognitive abilities.","human"
"Natural language processing models analyze and generate human language.","ai"
"Exploring nature can reduce stress and improve mental well-being.","human"
"AI applications are transforming industries and business operations.","ai"
"Writing poetry allows for creative expression and emotional exploration.","human"
"Robots are used in manufacturing to automate repetitive tasks.","ai"
"Studying history provides insights into the development of societies.","human"
"AI algorithms can identify patterns in financial markets for trading.","ai"
"Playing musical instruments enhances coordination and cognitive skills.","human"
"Machine learning models can predict user preferences based on past behavior.","ai"
"Practicing mindfulness meditation can improve focus and reduce anxiety.","human"
"AI-powered chatbots are used for customer support and information retrieval.","ai"
"Learning a new language opens doors to different cultures and perspectives.","human"
"Artificial intelligence is driving innovation in various fields, from finance to healthcare.","ai"
"Drawing and painting are creative activities that promote self-expression.","human"
"AI systems are designed to process data and make decisions without human intervention.","ai"
"Reading poetry can evoke strong emotions and inspire creativity.","human"
"Deep learning models are used in image recognition and natural language processing.","ai"
"Spending time in nature can improve mood and overall well-being.","human"
"AI technologies are advancing rapidly, with new breakthroughs emerging regularly.","ai"
"Physical exercise is essential for maintaining a healthy body and mind.","human"
"Machine learning algorithms are used in recommendation systems and predictive analytics.","ai"
"Practicing yoga can improve flexibility, strength, and mental clarity.","human"
"AI-driven chatbots are becoming more sophisticated in understanding user queries.","ai"
"Exploring different cuisines exposes us to diverse flavors and culinary traditions.","human"
